{
  "dni": "10663947",
  "codigo": "132116",
  "nombre": "CRISTIAN ALEJANDRO MUÑICO ENCARNACION",
  "email": "cristian.munico@uma.edu.pe",
  "especialidad": "PSICOLOGÍA",
  "categoria": "approved",
  "suneduStatus": "Pendiente",
  "updatedAt": "2025-11-20T22:07:22.026Z",
  "createdAt": "2025-11-20T20:59:14.540Z",
  "photoUrl": "/photos/approved/10663947.jpg",
  "filename": "10663947.jpg",
  "relative_path": "photos\\approved\\10663947.jpg",
  "issues": [],
  "data_url": null,
  "supabase_url": "https://fdpunpassmwhczebqohv.supabase.co/storage/v1/object/public/student-photos/approved/10663947.jpg"
}