{
  "dni": "40586454",
  "codigo": "151346",
  "nombre": "VILMA ELENA ROCCA RAMIREZ",
  "email": "vilma.rocca@uma.edu.pe",
  "especialidad": "FARMACIA Y BIOQUÍMICA",
  "categoria": "approved",
  "suneduStatus": "Pendiente",
  "updatedAt": "2025-11-21T16:00:27.501Z",
  "createdAt": "2025-11-20T20:13:24.089Z",
  "photoUrl": "/photos/approved/40586454.jpg",
  "filename": "40586454.jpg",
  "relative_path": "photos\\approved\\40586454.jpg",
  "issues": [],
  "data_url": null,
  "supabase_url": "https://fdpunpassmwhczebqohv.supabase.co/storage/v1/object/public/student-photos/approved/40586454.jpg"
}