{
  "dni": "41032447",
  "codigo": "151428",
  "nombre": "GLORIA MARCELO TUPA",
  "email": "gloria.marcelo@uma.edu.pe",
  "especialidad": "FARMACIA Y BIOQUÍMICA",
  "categoria": "approved",
  "suneduStatus": "Pendiente",
  "updatedAt": "2025-11-18T21:13:06.501Z",
  "createdAt": "2025-11-18T21:13:06.501Z",
  "photoUrl": "/photos/approved/41032447.jpg",
  "filename": "41032447.jpg",
  "relative_path": "photos\\approved\\41032447.jpg",
  "issues": [],
  "data_url": null,
  "supabase_url": "https://fdpunpassmwhczebqohv.supabase.co/storage/v1/object/public/student-photos/approved/41032447.jpg"
}