{
  "dni": "41275605",
  "codigo": "181272",
  "nombre": "LIZ MARIA LOPEZ BURGOS",
  "email": "liz.lopez@uma.edu.pe",
  "especialidad": "FARMACIA Y BIOQUÍMICA",
  "categoria": "approved",
  "suneduStatus": "Pendiente",
  "updatedAt": "2025-11-18T15:38:45.597Z",
  "createdAt": "2025-11-18T15:38:29.357Z",
  "photoUrl": "/photos/approved/41275605.jpg",
  "filename": "41275605.jpg",
  "relative_path": "photos\\approved\\41275605.jpg",
  "issues": [],
  "data_url": null,
  "supabase_url": "https://fdpunpassmwhczebqohv.supabase.co/storage/v1/object/public/student-photos/approved/41275605.jpg"
}