{
  "dni": "46873756",
  "codigo": "151466",
  "nombre": "MEDALY SANTILLAN ROJAS",
  "email": "medaly.santillan@uma.edu.pe",
  "especialidad": "FARMACIA Y BIOQUÍMICA",
  "categoria": "approved",
  "suneduStatus": "Pendiente",
  "updatedAt": "2025-11-19T16:15:41.335Z",
  "createdAt": "2025-11-19T16:15:37.959Z",
  "photoUrl": "/photos/approved/46873756.jpg",
  "filename": "46873756.jpg",
  "relative_path": "photos\\approved\\46873756.jpg",
  "issues": [],
  "data_url": null,
  "supabase_url": "https://fdpunpassmwhczebqohv.supabase.co/storage/v1/object/public/student-photos/approved/46873756.jpg"
}