{
  "dni": "47892916",
  "codigo": "142096",
  "nombre": "LIZBETH AURORA VASQUEZ BARBOZA",
  "email": "lizbeth.vasquez@uma.edu.pe",
  "especialidad": "ENFERMERÍA",
  "categoria": "approved",
  "suneduStatus": "Pendiente",
  "updatedAt": "2025-11-20T17:38:13.880Z",
  "createdAt": "2025-11-19T19:53:27.888Z",
  "photoUrl": "/photos/approved/47892916.jpg",
  "filename": "47892916.jpg",
  "relative_path": "photos\\approved\\47892916.jpg",
  "issues": [],
  "data_url": null,
  "supabase_url": "https://fdpunpassmwhczebqohv.supabase.co/storage/v1/object/public/student-photos/approved/47892916.jpg"
}