{
  "dni": "72898931",
  "codigo": "171058",
  "nombre": "RENZO MATTA DAVILA",
  "email": "renzo.matta@uma.edu.pe",
  "especialidad": "ENFERMERÍA",
  "categoria": "approved",
  "suneduStatus": "Pendiente",
  "updatedAt": "2025-11-21T17:26:10.001Z",
  "createdAt": "2025-11-21T17:26:10.001Z",
  "photoUrl": "/photos/approved/72898931.jpg",
  "filename": "72898931.jpg",
  "relative_path": "photos\\approved\\72898931.jpg",
  "issues": [],
  "data_url": null,
  "supabase_url": "https://fdpunpassmwhczebqohv.supabase.co/storage/v1/object/public/student-photos/approved/72898931.jpg"
}