{
  "dni": "74160877",
  "codigo": "151396",
  "nombre": "DANTE OLIVER CONDORI HUARACHA",
  "email": "dante.condori@uma.edu.pe",
  "especialidad": "FARMACIA Y BIOQUÍMICA",
  "categoria": "approved",
  "suneduStatus": "Pendiente",
  "updatedAt": "2025-11-19T20:47:24.428Z",
  "createdAt": "2025-11-19T20:47:21.335Z",
  "photoUrl": "/photos/approved/74160877.jpg",
  "filename": "74160877.jpg",
  "relative_path": "photos\\approved\\74160877.jpg",
  "issues": [],
  "data_url": null,
  "supabase_url": "https://fdpunpassmwhczebqohv.supabase.co/storage/v1/object/public/student-photos/approved/74160877.jpg"
}