{
  "dni": "75488765",
  "codigo": "182028",
  "nombre": "PEDRO YORLAN CACERES GARCIA",
  "email": "pedro.caceres@uma.edu.pe",
  "especialidad": "PHARMACY AND BIOCHEMISTRY",
  "categoria": "approved",
  "suneduStatus": "Pendiente",
  "updatedAt": "2025-11-18T17:17:20.555Z",
  "createdAt": "2025-11-18T16:45:53.225Z",
  "photoUrl": "/photos/approved/75488765.jpg",
  "filename": "75488765.jpg",
  "relative_path": "photos\\approved\\75488765.jpg",
  "issues": [],
  "data_url": null,
  "supabase_url": "https://fdpunpassmwhczebqohv.supabase.co/storage/v1/object/public/student-photos/approved/75488765.jpg"
}