{
  "dni": "75851868",
  "codigo": "151087",
  "nombre": "LUIS EMMANUEL JESUS NAVARRO SILVA",
  "email": "luis.navarro@uma.edu.pe",
  "especialidad": "ADMINISTRACIÓN Y NEGOCIOS INTERNACIONALES",
  "categoria": "approved",
  "suneduStatus": "Pendiente",
  "updatedAt": "2025-11-20T22:15:59.759Z",
  "createdAt": "2025-11-20T22:15:59.759Z",
  "photoUrl": "/photos/approved/75851868.jpg",
  "filename": "75851868.jpg",
  "relative_path": "photos\\approved\\75851868.jpg",
  "issues": [],
  "data_url": null,
  "supabase_url": "https://fdpunpassmwhczebqohv.supabase.co/storage/v1/object/public/student-photos/approved/75851868.jpg"
}