[
  {
    "dni": "41275605",
    "codigo": "181272",
    "nombre": "LIZ MARIA LOPEZ BURGOS",
    "email": "liz.lopez@uma.edu.pe",
    "especialidad": "FARMACIA Y BIOQUÍMICA",
    "categoria": "approved",
    "suneduStatus": "Pendiente",
    "updatedAt": "2025-11-18T15:38:45.597Z",
    "createdAt": "2025-11-18T15:38:29.357Z",
    "photoUrl": "/photos/approved/41275605.jpg",
    "filename": "41275605.jpg",
    "relative_path": "photos\\approved\\41275605.jpg",
    "issues": [],
    "data_url": null,
    "supabase_url": "https://fdpunpassmwhczebqohv.supabase.co/storage/v1/object/public/student-photos/approved/41275605.jpg"
  },
  {
    "dni": "75488765",
    "codigo": "182028",
    "nombre": "PEDRO YORLAN CACERES GARCIA",
    "email": "pedro.caceres@uma.edu.pe",
    "especialidad": "PHARMACY AND BIOCHEMISTRY",
    "categoria": "approved",
    "suneduStatus": "Pendiente",
    "updatedAt": "2025-11-18T17:17:20.555Z",
    "createdAt": "2025-11-18T16:45:53.225Z",
    "photoUrl": "/photos/approved/75488765.jpg",
    "filename": "75488765.jpg",
    "relative_path": "photos\\approved\\75488765.jpg",
    "issues": [],
    "data_url": null,
    "supabase_url": "https://fdpunpassmwhczebqohv.supabase.co/storage/v1/object/public/student-photos/approved/75488765.jpg"
  },
  {
    "dni": "41032447",
    "codigo": "151428",
    "nombre": "GLORIA MARCELO TUPA",
    "email": "gloria.marcelo@uma.edu.pe",
    "especialidad": "FARMACIA Y BIOQUÍMICA",
    "categoria": "approved",
    "suneduStatus": "Pendiente",
    "updatedAt": "2025-11-18T21:13:06.501Z",
    "createdAt": "2025-11-18T21:13:06.501Z",
    "photoUrl": "/photos/approved/41032447.jpg",
    "filename": "41032447.jpg",
    "relative_path": "photos\\approved\\41032447.jpg",
    "issues": [],
    "data_url": null,
    "supabase_url": "https://fdpunpassmwhczebqohv.supabase.co/storage/v1/object/public/student-photos/approved/41032447.jpg"
  },
  {
    "dni": "46873756",
    "codigo": "151466",
    "nombre": "MEDALY SANTILLAN ROJAS",
    "email": "medaly.santillan@uma.edu.pe",
    "especialidad": "FARMACIA Y BIOQUÍMICA",
    "categoria": "approved",
    "suneduStatus": "Pendiente",
    "updatedAt": "2025-11-19T16:15:41.335Z",
    "createdAt": "2025-11-19T16:15:37.959Z",
    "photoUrl": "/photos/approved/46873756.jpg",
    "filename": "46873756.jpg",
    "relative_path": "photos\\approved\\46873756.jpg",
    "issues": [],
    "data_url": null,
    "supabase_url": "https://fdpunpassmwhczebqohv.supabase.co/storage/v1/object/public/student-photos/approved/46873756.jpg"
  },
  {
    "dni": "47892916",
    "codigo": "142096",
    "nombre": "LIZBETH AURORA VASQUEZ BARBOZA",
    "email": "lizbeth.vasquez@uma.edu.pe",
    "especialidad": "ENFERMERÍA",
    "categoria": "approved",
    "suneduStatus": "Pendiente",
    "updatedAt": "2025-11-20T17:38:13.880Z",
    "createdAt": "2025-11-19T19:53:27.888Z",
    "photoUrl": "/photos/approved/47892916.jpg",
    "filename": "47892916.jpg",
    "relative_path": "photos\\approved\\47892916.jpg",
    "issues": [],
    "data_url": null,
    "supabase_url": "https://fdpunpassmwhczebqohv.supabase.co/storage/v1/object/public/student-photos/approved/47892916.jpg"
  },
  {
    "dni": "74160877",
    "codigo": "151396",
    "nombre": "DANTE OLIVER CONDORI HUARACHA",
    "email": "dante.condori@uma.edu.pe",
    "especialidad": "FARMACIA Y BIOQUÍMICA",
    "categoria": "approved",
    "suneduStatus": "Pendiente",
    "updatedAt": "2025-11-19T20:47:24.428Z",
    "createdAt": "2025-11-19T20:47:21.335Z",
    "photoUrl": "/photos/approved/74160877.jpg",
    "filename": "74160877.jpg",
    "relative_path": "photos\\approved\\74160877.jpg",
    "issues": [],
    "data_url": null,
    "supabase_url": "https://fdpunpassmwhczebqohv.supabase.co/storage/v1/object/public/student-photos/approved/74160877.jpg"
  },
  {
    "dni": "40586454",
    "codigo": "151346",
    "nombre": "VILMA ELENA ROCCA RAMIREZ",
    "email": "vilma.rocca@uma.edu.pe",
    "especialidad": "FARMACIA Y BIOQUÍMICA",
    "categoria": "approved",
    "suneduStatus": "Pendiente",
    "updatedAt": "2025-11-21T16:00:27.501Z",
    "createdAt": "2025-11-20T20:13:24.089Z",
    "photoUrl": "/photos/approved/40586454.jpg",
    "filename": "40586454.jpg",
    "relative_path": "photos\\approved\\40586454.jpg",
    "issues": [],
    "data_url": null,
    "supabase_url": "https://fdpunpassmwhczebqohv.supabase.co/storage/v1/object/public/student-photos/approved/40586454.jpg"
  },
  {
    "dni": "10663947",
    "codigo": "132116",
    "nombre": "CRISTIAN ALEJANDRO MUÑICO ENCARNACION",
    "email": "cristian.munico@uma.edu.pe",
    "especialidad": "PSICOLOGÍA",
    "categoria": "approved",
    "suneduStatus": "Pendiente",
    "updatedAt": "2025-11-20T22:07:22.026Z",
    "createdAt": "2025-11-20T20:59:14.540Z",
    "photoUrl": "/photos/approved/10663947.jpg",
    "filename": "10663947.jpg",
    "relative_path": "photos\\approved\\10663947.jpg",
    "issues": [],
    "data_url": null,
    "supabase_url": "https://fdpunpassmwhczebqohv.supabase.co/storage/v1/object/public/student-photos/approved/10663947.jpg"
  },
  {
    "dni": "75851868",
    "codigo": "151087",
    "nombre": "LUIS EMMANUEL JESUS NAVARRO SILVA",
    "email": "luis.navarro@uma.edu.pe",
    "especialidad": "ADMINISTRACIÓN Y NEGOCIOS INTERNACIONALES",
    "categoria": "approved",
    "suneduStatus": "Pendiente",
    "updatedAt": "2025-11-20T22:15:59.759Z",
    "createdAt": "2025-11-20T22:15:59.759Z",
    "photoUrl": "/photos/approved/75851868.jpg",
    "filename": "75851868.jpg",
    "relative_path": "photos\\approved\\75851868.jpg",
    "issues": [],
    "data_url": null,
    "supabase_url": "https://fdpunpassmwhczebqohv.supabase.co/storage/v1/object/public/student-photos/approved/75851868.jpg"
  },
  {
    "dni": "72898931",
    "codigo": "171058",
    "nombre": "RENZO MATTA DAVILA",
    "email": "renzo.matta@uma.edu.pe",
    "especialidad": "ENFERMERÍA",
    "categoria": "approved",
    "suneduStatus": "Pendiente",
    "updatedAt": "2025-11-21T17:26:10.001Z",
    "createdAt": "2025-11-21T17:26:10.001Z",
    "photoUrl": "/photos/approved/72898931.jpg",
    "filename": "72898931.jpg",
    "relative_path": "photos\\approved\\72898931.jpg",
    "issues": [],
    "data_url": null,
    "supabase_url": "https://fdpunpassmwhczebqohv.supabase.co/storage/v1/object/public/student-photos/approved/72898931.jpg"
  }
]